"Incident ID","Incident Date",State,"City Or County",Address,"# Victims Injured","# Victims Killed","# Subjects-Suspects Injured","# Subjects-Suspects Killed","# Subjects-Suspects Arrested",Operations
740447,"December 31, 2016",Georgia,"Lenox (El Dorado)","27 Briarwood Ct",2,2,0,0,0,N/A
738749,"December 31, 2016",Texas,Houston,"3704 Fannin Street",2,1,1,0,1,N/A
738041,"December 30, 2016",Ohio,Mansfield,"3230 Possum Run Rd",5,0,0,0,0,N/A
738576,"December 30, 2016",Connecticut,Wallingford,"95 S Turnpike Rd",3,2,0,0,2,N/A
736690,"December 28, 2016",Georgia,Columbus,"2914 10th Street",4,1,0,0,0,N/A
734157,"December 25, 2016",Illinois,Chicago,"8600 block of S Maryland Ave",4,3,0,0,0,N/A
735947,"December 25, 2016",Alabama,Ozark,"858 US-231",4,0,0,0,1,N/A
733599,"December 25, 2016","New York","Mount Vernon","4 North 3rd Avenue",5,1,0,0,1,N/A
732927,"December 24, 2016","North Carolina",Madison,"490 K Ford Rd",7,0,0,0,0,N/A
733176,"December 24, 2016","North Carolina",Wilson,"2241 Banks Lane East",0,4,0,0,0,N/A
732263,"December 23, 2016",Alabama,Birmingham,"3813 Richard Arrington Boulevard North",3,1,0,0,1,N/A
732574,"December 23, 2016",Illinois,Chicago,"4900 block of W Hubbard",4,0,0,0,0,N/A
727759,"December 17, 2016",Illinois,"Chicago (Roseland)","100 block of W 105th St",0,5,0,0,1,N/A
728286,"December 17, 2016","North Carolina",Charlotte,"4115 N. Tryon Street",4,0,0,0,2,N/A
727555,"December 16, 2016",Illinois,Chicago,"13th and South Kedzie",4,0,0,0,0,N/A
727544,"December 16, 2016",Illinois,Chicago,"4300 block of South Rockwell",2,2,0,0,0,N/A
724667,"December 12, 2016",California,Sacramento,"4800 block of Myrtle Avenue",3,1,0,0,3,N/A
723649,"December 11, 2016","New York",Brooklyn,"192 Knickerbocker Ave",4,0,0,0,0,N/A
723643,"December 11, 2016",Florida,"Orlando (Pine Hills)","4305 N Pine Hills Rd",4,1,0,0,0,N/A
723292,"December 11, 2016",Maryland,Baltimore,"3916 South Hanover Street",5,0,0,0,0,N/A
725338,"December 11, 2016","North Carolina","Rocky Mount","1200 block of East Highland Ave",4,0,0,0,0,N/A
725323,"December 9, 2016",Texas,Channelview,"15300 block of Market",0,4,0,0,0,N/A
722452,"December 9, 2016",California,Fresno,"842 Fresno Street",4,0,0,0,0,N/A
719128,"December 5, 2016","New Mexico",Albuquerque,"1532 Stagecoach Lane",1,3,0,1,0,N/A
717873,"December 3, 2016",California,"Los Angeles","91st Street and Western Avenue",6,0,0,0,0,N/A
717616,"December 2, 2016","New Jersey",Bloomfield,"3 1st Ave",6,0,0,0,0,N/A
716001,"December 1, 2016",California,"Clearlake Oaks","Pomo Rd",3,1,0,0,1,N/A
715101,"November 30, 2016",Maryland,Baltimore,"2901 Garrison Blvd",4,2,0,0,1,N/A
712796,"November 28, 2016",Texas,"Mission (Palmview)","1840 West Palma Vista Drive",3,1,0,0,1,N/A
712776,"November 28, 2016",California,Wilmington,"1067 McDonald Avenue",4,0,0,0,0,N/A
713445,"November 28, 2016",California,"San Pedro","300 block of West 2nd Street",4,0,0,0,0,N/A
711597,"November 27, 2016",Louisiana,"New Orleans","100 block of Bourbon Street",9,1,0,0,3,N/A
711744,"November 27, 2016",Missouri,"Kansas City","Gregory and Prospect",7,0,0,0,0,N/A
710732,"November 26, 2016",Illinois,Chicago,"8800 block of S Exchange Ave",5,1,0,0,0,N/A
710467,"November 25, 2016",Louisiana,"New Orleans","Magnolia St and Felicity St",4,0,0,0,0,N/A
709370,"November 24, 2016",Kentucky,Louisville,"4501 W Broadway",4,2,0,0,0,N/A
709276,"November 24, 2016","New York",Albany,"77 Central Ave",3,1,0,0,1,N/A
708777,"November 23, 2016",Mississippi,"Olive Branch","928 Cross Road",4,0,0,0,1,N/A
708392,"November 22, 2016",Florida,Clewiston,"1068 Harlem Academy Ave",4,1,0,0,3,N/A
704568,"November 18, 2016",Illinois,Chicago,"5000 block of W Wabansia",4,0,0,0,0,N/A
703245,"November 17, 2016",Tennessee,Dyersburg,"160 Longfellow",7,1,0,0,1,N/A
699605,"November 13, 2016",Florida,Jacksonville,"5105 Cleveland Rd",2,3,0,0,1,N/A
699332,"November 13, 2016",Texas,"San Antonio","8000 Midcrown",4,0,0,0,0,N/A
700232,"November 13, 2016",California,"San Diego","3800 block of Marlborough Avenue",2,2,0,1,0,N/A
699316,"November 13, 2016",Florida,Orlando,"Conley Street and South Ivey Lane",4,0,0,0,0,N/A
699033,"November 12, 2016",California,Sacramento,"8600 block of Ardith Drive",5,1,0,0,0,N/A
700363,"November 12, 2016",Missouri,"Kansas City","21st St and Cleveland Ave",3,1,0,0,1,N/A
699303,"November 12, 2016",Connecticut,Bridgeport,"2500 Park Avenue",5,0,0,0,2,N/A
699863,"November 11, 2016",Texas,Houston,"7705 Channelside Street",4,0,0,0,0,N/A
698383,"November 10, 2016",Texas,Houston,"6610 S Sam Houston Pkwy W",3,1,0,0,1,N/A
696917,"November 9, 2016",Washington,Seattle,"1524 3rd Ave",5,0,0,0,1,N/A
697377,"November 9, 2016",Illinois,Chicago,"3400 block of W Monroe",3,1,0,0,0,N/A
696352,"November 9, 2016",Tennessee,Memphis,"1800 block of East Brooks Road",4,0,0,0,0,N/A
693438,"November 5, 2016",Texas,"San Antonio","10726 Perrin Beitel Rd",4,0,0,0,0,N/A
693401,"November 5, 2016","South Carolina","Myrtle Beach","803 Main St",5,0,0,0,0,N/A
693624,"November 5, 2016",Florida,"Fort Lauderdale (Lauderhill)","3135 W Broward Blvd",3,1,0,0,0,N/A
693374,"November 5, 2016",California,Oakland,"420 14th Street",6,0,2,0,2,N/A
693290,"November 5, 2016",Illinois,Chicago,"4800 block of North Winthrop",5,0,0,0,0,N/A
693307,"November 4, 2016",Pennsylvania,Philadelphia,"5451 Springfield Ave",4,0,0,0,0,N/A
692020,"November 3, 2016",Illinois,Chicago,"8000 block of S Shore Dr",2,2,0,0,1,N/A
692315,"November 3, 2016","New Jersey",Orange,"234 Cleveland Street",2,2,0,0,1,N/A
692025,"November 2, 2016",Arkansas,"Little Rock","2111 Bragg Street",4,1,0,0,2,N/A
691113,"November 1, 2016",Tennessee,Memphis,"5200 block of Zodiac Rd",5,1,0,0,1,N/A
689518,"October 31, 2016",Louisiana,Shreveport,"700 Block of W 68th St",4,0,0,0,0,N/A
688979,"October 30, 2016",Ohio,Toledo,"742 Junction Ave",4,0,0,0,0,N/A
689020,"October 30, 2016",Maryland,"Capitol Heights","6862 Walker Mill Rd",3,3,0,0,1,N/A
688841,"October 30, 2016","New York","New York (Manhattan)","135 Ridge Street",4,0,0,0,0,N/A
688577,"October 30, 2016","New York",Newburgh,"119 First Street",5,2,0,0,3,N/A
688592,"October 30, 2016",Texas,"San Antonio","2900 block of Aspen Meadow",5,0,0,0,1,N/A
689009,"October 29, 2016",California,"Los Angeles","1600 block of Century Boulevard",5,0,0,0,0,N/A
687940,"October 29, 2016",Ohio,Dayton,"2010 Cornell Ridge Dr",3,1,0,0,0,N/A
688210,"October 29, 2016",California,Riverside,"3500 block of Madison Street",4,0,0,0,0,N/A
688429,"October 28, 2016",Mississippi,Jackson,"200 block of Lorenz Blvd",6,0,0,0,1,N/A
687375,"October 28, 2016",Florida,"Miami Gardens","Northwest 173rd Terrace and 27th Avenue",4,0,0,0,0,N/A
686312,"October 27, 2016",Georgia,Jackson,"600 block of Moccasin Gap Road",0,4,0,0,2,N/A
685379,"October 25, 2016",Ohio,Dayton,"3300 block of Riverside Dr",3,1,0,0,2,N/A
684130,"October 25, 2016",Virginia,Roanoke,"830 Campbell Avenue Southeast",3,1,0,1,0,N/A
683142,"October 23, 2016",Oklahoma,Wellston,"Highway 66 and N 3310 Rd",4,1,0,1,1,N/A
682298,"October 22, 2016",California,Oakland,"77th and Bancroft Avenues",7,0,0,0,0,N/A
679290,"October 18, 2016",California,"San Francisco","325 La Grande Ave",4,0,0,0,2,N/A
678438,"October 17, 2016",Illinois,"Chicago (Englewood)","6700 block of South Winchester",4,1,0,0,0,N/A
677293,"October 15, 2016",Alabama,Mobile,"1800 block of St Stephens Road",5,0,0,0,0,N/A
676686,"October 15, 2016",Illinois,Rockford,"7801 East State St",5,1,0,0,0,N/A
676663,"October 15, 2016",California,"Los Angeles","2918 Rimpau Blvd",11,4,0,0,1,N/A
676376,"October 14, 2016",Illinois,Chicago,"3300 block of W Maypole Ave",6,1,0,0,0,N/A
675993,"October 13, 2016",Illinois,Chicago,"2700 block of West Lexington",4,0,0,0,0,N/A
672203,"October 9, 2016",Michigan,"Grand Rapids","1850 28th Street SE",8,1,0,0,1,N/A
672217,"October 9, 2016",California,Sacramento,"1696 Arden Way",3,1,0,0,0,N/A
671717,"October 8, 2016","New York",Brooklyn,"7301 3rd Ave",4,0,0,0,1,N/A
669777,"October 4, 2016",Louisiana,"New Orleans","3727 Ulloa Street",2,3,0,0,0,N/A
668407,"October 3, 2016",Minnesota,Minneapolis,"Fourth St and Hennepin Ave",4,0,0,0,1,N/A
667984,"October 2, 2016",Texas,"San Antonio","2600 South Flores Street",4,1,0,0,0,N/A
668279,"October 1, 2016",Illinois,"Pembroke Township","S 17250 East Rd",0,4,0,0,2,N/A
668352,"October 1, 2016",California,Fresno,"3200 block of East Clay Avenue",4,0,0,0,0,N/A
665995,"September 29, 2016",California,"San Francisco","400 block of Ellis St",3,1,0,0,1,N/A
663624,"September 26, 2016","North Carolina","Winston Salem (Winston-salem)","100 block of 5 Royales Dr",4,0,0,0,1,N/A
663789,"September 26, 2016",Texas,Humble,"21219 Grand Linden Ct",4,0,0,0,1,N/A
663106,"September 26, 2016",Texas,Houston,"5450 Weslayan St",6,0,0,1,0,N/A
662548,"September 25, 2016",Illinois,Champaign,"300 block of E. Green St",3,1,0,0,1,N/A
662342,"September 24, 2016",Maryland,Baltimore,"Greenmount Ave and Preston St",8,0,0,0,0,N/A
661703,"September 23, 2016",Washington,Burlington,"201 Cascade Mall Dr",0,5,0,0,1,N/A
657854,"September 18, 2016",Pennsylvania,Philadelphia,"3001 Castor Avenue",4,0,0,0,0,N/A
658226,"September 18, 2016",Pennsylvania,Pittsburgh,"1700 block of Brighton Pl",4,0,0,0,0,N/A
657863,"September 18, 2016",Virginia,Lynchburg,"421 Rivermont Ave",3,1,0,0,0,N/A
657634,"September 17, 2016","District of Columbia",Washington,"2600 block of Birney Pl SE",7,2,0,0,0,N/A
659289,"September 17, 2016",Florida,Miami,"20582 SW 119th Ave",6,0,0,0,3,N/A
657136,"September 17, 2016",Florida,Orlando,"3918 Columbia St",6,1,0,0,0,N/A
657151,"September 17, 2016",Indiana,Indianapolis,"2016 West 76th Street",2,2,0,0,0,N/A
656991,"September 16, 2016",California,"Los Angeles (Hollywood)","555 N Heliotrope Dr",2,2,0,0,0,N/A
657023,"September 16, 2016",Pennsylvania,Philadelphia,"5100 block of Sansom St",5,1,0,1,0,N/A
655512,"September 14, 2016",Texas,Humble,"16000 block of Saybrook",3,1,0,0,0,N/A
654087,"September 13, 2016",Indiana,"Fort Wayne","1723 E Wayne St",2,3,0,0,0,N/A
653077,"September 11, 2016",Louisiana,"New Orleans","2349 S Claiborne Ave",5,1,0,0,0,N/A
652584,"September 11, 2016",Missouri,"Kansas City","500 block of Westport Rd",6,0,0,0,2,N/A
652561,"September 11, 2016",Michigan,Saginaw,"2207 Pierce Road",5,0,0,0,0,N/A
652606,"September 11, 2016","North Carolina","New Bern","1100 block of Highway 70",5,0,0,0,0,N/A
652642,"September 11, 2016",Indiana,"Fort Wayne","3006 Holton Avenue",1,3,0,0,1,N/A
652759,"September 11, 2016","New Jersey","Jersey City","87 Van Wagenen Ave",3,1,0,0,1,N/A
652175,"September 10, 2016",Florida,Miami,"3451 Northwest 36 Street",3,1,0,0,1,N/A
651957,"September 8, 2016",Texas,"Del Valle","8330 Linden Rd",0,4,0,0,0,N/A
651434,"September 8, 2016",Arkansas,"Hot Springs National Park (Hot Springs)","300 block of Lacey St",4,1,0,0,2,N/A
648884,"September 5, 2016",Illinois,Chicago,"2700 block of W Lexington Ave",3,2,0,0,0,N/A
648490,"September 5, 2016",Pennsylvania,Reading,"600 block of Moss Street",4,0,0,0,0,N/A
647865,"September 4, 2016",Virginia,Roanoke,"1020 Orange Ave NE",10,1,0,0,0,N/A
646995,"September 3, 2016","North Carolina",Wilmington,"600 block of North 30th St",3,1,0,0,0,N/A
646855,"September 3, 2016",Illinois,Chicago,"100 block of North Seeley Avenue",4,0,0,0,0,N/A
644723,"August 30, 2016",Georgia,Atlanta,"400 Merritts Avenue NE",4,0,0,0,0,N/A
643824,"August 30, 2016",Illinois,"Chicago (Englewood)","6800 block of South Ashland",4,0,0,0,0,N/A
641732,"August 29, 2016","New Jersey","Egg Harbor City","907 White Horse Pike",1,1,4,0,6,N/A
641419,"August 28, 2016",Texas,Lubbock,"2200 block of 17th St",6,0,0,0,0,N/A
640677,"August 28, 2016","New York",Bronx,"514 E 156th St",4,0,0,0,0,N/A
640689,"August 28, 2016",Missouri,"Saint Louis","S Grand Blvd and Montana St",2,2,0,0,0,N/A
640861,"August 28, 2016",Alabama,Dadeville,"512 E Columbus St",5,0,0,0,0,N/A
640500,"August 27, 2016",Alabama,"Bessemer (Brighton)","3810 7th Ave",6,1,0,0,3,N/A
640203,"August 27, 2016",Florida,Miami,"1900 block of NW 83rd Terr",4,2,0,0,0,N/A
640901,"August 25, 2016","New Jersey",Bridgeton,"Marion Street",5,0,0,0,0,N/A
634889,"August 21, 2016",Massachusetts,Boston,"Westview and Stratton Street",4,0,0,0,0,N/A
634787,"August 21, 2016",Connecticut,Bridgeport,"19 Plymouth St",13,0,0,0,0,N/A
634238,"August 20, 2016",Connecticut,Hamden,"903 Dixwell Ave",4,0,0,0,1,N/A
634731,"August 20, 2016",Washington,Tacoma,"900 block of Pacific Avenue",5,0,0,0,0,N/A
634819,"August 20, 2016",Alabama,Citronelle,"Jim Platt Road",0,5,0,0,1,N/A
632747,"August 18, 2016",Connecticut,Waterbury,"402 E Main Street",4,0,0,0,0,N/A
632753,"August 17, 2016",California,Oakland,"Mandela Parkway",4,0,0,0,0,N/A
630007,"August 14, 2016",Virginia,Norfolk,"1600 block of Selden Avenue",4,0,0,0,0,N/A
629415,"August 14, 2016",Minnesota,Minneapolis,"1717 Plymouth Ave N",5,0,0,0,0,N/A
629663,"August 13, 2016",California,"Los Angeles","6300 block of 11th Avenue",4,0,0,0,0,N/A
628570,"August 13, 2016",Wisconsin,Milwaukee,"4001 West Fond Du Lac Ave",2,2,0,0,0,N/A
628623,"August 13, 2016","New York","Richmond Hill","Jamaica Ave and 105th St",4,0,0,0,2,N/A
628635,"August 13, 2016",Missouri,Joplin,"1800 Connecticut Ave",4,0,0,0,1,N/A
628178,"August 12, 2016",Florida,Jacksonville,"100 block of West 38th Street",3,1,0,0,1,N/A
627519,"August 12, 2016",Texas,Dallas,"10921 Estate Ln",3,1,0,0,1,N/A
627757,"August 11, 2016",Pennsylvania,Philadelphia,"500 block of E Ashmead St",4,0,0,0,0,N/A
626153,"August 10, 2016",Illinois,Evanston,"Foster Street and Jackson Avenue",4,0,0,0,0,N/A
626960,"August 10, 2016",California,Sacramento,"4000 Green Tree Drive",3,1,0,0,0,N/A
624273,"August 8, 2016",Florida,Jacksonville,"1214 Labelle St",7,0,0,0,0,N/A
625735,"August 8, 2016","New Mexico",Albuquerque,"341 General Marshall Street NE",2,2,0,0,3,N/A
624156,"August 7, 2016",California,"Los Angeles","5925 South Figueroa Street",3,1,0,0,0,N/A
623523,"August 7, 2016",Colorado,Arvada,"5400 block of Sheridan Boulevard",2,2,0,0,2,N/A
624046,"August 7, 2016",Mississippi,Vicksburg,"4460 Clay St",3,1,0,0,3,N/A
623439,"August 7, 2016",Illinois,Chicago,"100 block of South Springfield",4,0,0,0,0,N/A
623195,"August 6, 2016",Pennsylvania,"Reading (Sinking Spring)","51 Winding Brook Drive",0,4,0,1,0,N/A
624057,"August 5, 2016",Michigan,Pontiac,"70 block of Thorpe Street",3,1,0,0,2,N/A
622500,"August 5, 2016",California,Perris,"21600 block of Rider St",2,2,0,0,0,N/A
621232,"August 4, 2016",Tennessee,Memphis,"Ayers Street and Griffith Avenue",4,0,0,0,0,N/A
620247,"August 3, 2016",Georgia,Decatur,"4110 Glenwood Road",3,1,0,0,0,N/A
619708,"August 2, 2016",Florida,"Hollywood (West Park)","5700 block of Hallandale Beach Blvd",4,0,0,0,0,N/A
619408,"August 1, 2016",Indiana,Evansville,"South Bedford Avenue",4,0,0,0,1,N/A
617789,"July 31, 2016",Florida,Miami,"Southwest 203rd Terrace and 115th Avenue",1,3,0,0,1,N/A
617607,"July 31, 2016",Texas,Austin,"208 E 6th St",4,1,0,0,1,N/A
617712,"July 30, 2016",Missouri,"Saint Louis","5000 block of Kensington Ave",5,0,0,0,0,N/A
616948,"July 30, 2016",Washington,Mukilteo,"10009 Chennault Beach",1,3,0,0,1,N/A
618321,"July 30, 2016",Georgia,"Townsend (Eulonia)","14699 Highway 17",5,0,0,0,0,N/A
617334,"July 29, 2016",Georgia,Athens,"Trail Creek St",7,0,0,0,1,N/A
615109,"July 28, 2016","New York",Elmira,"303 College Ave",5,0,0,0,1,N/A
615328,"July 28, 2016",Maryland,Baltimore,"Greenmount Avenue",4,0,0,0,0,N/A
615024,"July 28, 2016",Illinois,Chicago,"800 block of West 50th Place",2,2,0,0,0,N/A
611479,"July 25, 2016",Florida,"Fort Myers","3580 Evans Ave",18,2,1,0,6,N/A
610584,"July 24, 2016",Ohio,Hamilton,"1555 Main St",7,1,0,0,4,N/A
610756,"July 23, 2016","South Carolina","North Charleston","3630 Ashley Phosphate Road",4,0,0,0,0,N/A
610093,"July 23, 2016",Ohio,Cincinnati,"3400 block of Beekman St",2,2,0,0,0,N/A
613805,"July 23, 2016","New York",Brooklyn,"Fountain Avenue",4,0,0,0,0,N/A
610379,"July 23, 2016",Texas,Bastrop,"202 Childers Drive",1,3,0,1,0,N/A
610402,"July 22, 2016",Illinois,Kankakee,"300 block of North Wildwood Avenue",5,0,0,0,0,N/A
609402,"July 21, 2016",Illinois,Chicago,"4400 block of South Leamington",5,0,0,0,0,N/A
608787,"July 20, 2016",California,Fresno,"5100 block of E Hedges Ave",4,0,0,0,0,N/A
607265,"July 19, 2016",Arkansas,"West Memphis","13th Street and Tyler Avenue",4,0,0,0,0,N/A
604762,"July 17, 2016",Louisiana,"Baton Rouge","9611 Airline Hwy",2,4,0,1,0,N/A
605367,"July 17, 2016",Michigan,Detroit,"Grand River and McGraw avenue",4,0,0,0,0,N/A
605475,"July 17, 2016",Texas,Houston,"Tidwell Rd and Homestead Rd",3,1,0,0,0,N/A
604459,"July 16, 2016",Texas,Dallas,"6300 block of Benavides Drive",5,0,0,0,0,N/A
604275,"July 16, 2016",Ohio,Cleveland,"5000 block of Euclid Avenue",5,0,0,0,0,N/A
604233,"July 16, 2016",California,Bakersfield,"621 Stephens Dr",14,1,0,0,0,N/A
605005,"July 16, 2016",California,"San Bernardino","1200 block of West 25th Street",4,0,0,0,0,N/A
604175,"July 16, 2016",Tennessee,Clarksville,"1348 College Street",6,0,0,0,0,N/A
604207,"July 15, 2016",Washington,Woodland,"4006 NW 417th Street",1,3,0,0,1,N/A
603475,"July 14, 2016",Texas,Crosby,"400 block of Pecan Avenue",1,3,0,0,0,N/A
603733,"July 14, 2016",California,Oakland,"1600 block of 7th Street",4,0,0,0,0,N/A
603738,"July 14, 2016",Ohio,Akron,"900 block of Moeller Avenue",3,1,0,0,0,N/A
602810,"July 13, 2016",Georgia,"Warner Robins","105 Magnolia Avenue",5,0,0,0,0,N/A
602765,"July 13, 2016",Missouri,"Saint Louis","3000 block of Miami St",2,2,0,0,1,N/A
600798,"July 11, 2016",Maryland,Baltimore,"1800 block of W. North Avenue",5,0,0,0,0,N/A
601119,"July 11, 2016",Michigan,Jackson,"500 block of Summit Avenue",4,0,0,0,0,N/A
600398,"July 11, 2016",Michigan,"Saint Joseph","811 Port St",2,2,0,1,0,N/A
601512,"July 11, 2016","District of Columbia",Washington,"5100 block of Call Pl SE",4,0,0,0,0,N/A
597366,"July 7, 2016",Louisiana,"Baton Rouge","2136 North Lobdell Avenue",4,0,0,0,0,N/A
597756,"July 7, 2016",Texas,Dallas,"800 Main St",9,5,0,0,0,N/A
597176,"July 7, 2016",Tennessee,Bristol,"536 Volunteer Pkwy",3,1,1,0,1,N/A
595557,"July 5, 2016",California,"Los Angeles","56th Street and Naomi Avenue",4,0,0,0,0,N/A
595166,"July 4, 2016","New York",Brooklyn,"419 Chauncey St",7,0,0,0,1,N/A
595069,"July 4, 2016",Texas,Houston,"1312 Robin",2,3,0,0,1,N/A
595048,"July 4, 2016",Pennsylvania,Pittsburgh,"Seventh  Ave and Liberty Ave",4,0,0,0,1,N/A
595279,"July 4, 2016",Illinois,"Chicago (Englewood)","5500 block of South Hermitage Avenue",4,0,0,0,0,N/A
596159,"July 4, 2016",Ohio,Cleveland,"1400 block of W. 107 Street",4,0,0,0,0,N/A
595482,"July 4, 2016",Arizona,Phoenix,"4000 block of West Southern Avenue",6,2,0,0,0,N/A
594051,"July 3, 2016",Louisiana,Monroe,"401 Lea Joyner Memorial Expy",3,2,0,0,1,N/A
594480,"July 3, 2016",Tennessee,Chattanooga,"2300 block of Daisy Street",4,0,0,0,0,N/A
592724,"June 30, 2016",Illinois,Chicago,"9500 block of South Loomis Street",4,1,0,0,0,N/A
592207,"June 29, 2016",Nevada,"Las Vegas","6100 block of West Lake Mead Boulevard",0,4,0,1,0,N/A
591975,"June 28, 2016",California,"Los Angeles","13800 block of S Avalon Boulevard",3,1,0,0,0,N/A
591294,"June 28, 2016",Illinois,Chicago,"1600 block of South Christiana",4,0,0,0,0,N/A
589488,"June 27, 2016",Oregon,Woodburn,"13436 Killiam Loop NE",1,3,0,0,1,N/A
590233,"June 26, 2016","South Carolina",Bennettsville,"Highway 38 N",4,0,0,0,0,N/A
589159,"June 26, 2016","North Carolina",Charlotte,"2240 Camp Greene St",5,0,0,0,1,N/A
588867,"June 26, 2016",Georgia,Atlanta,"1500 block of Moreland Avenue SE",4,1,0,0,0,N/A
589165,"June 26, 2016",Texas,Houston,"6000 block of Elm Street",3,1,0,0,0,N/A
588918,"June 26, 2016",Texas,"Corpus Christi","Baldwin Blvd  and Lamar",4,0,0,0,1,N/A
587755,"June 25, 2016",Texas,"Fort Worth","2466 East Lancaster Avenue",5,2,0,0,1,N/A
589470,"June 25, 2016",Virginia,Norfolk,"700 block of Craig Street",4,0,0,0,4,N/A
587983,"June 25, 2016",Illinois,Chicago,"1400 block of W. 114th Place",4,0,0,0,0,N/A
589046,"June 24, 2016",Kansas,"Kansas City","N. 3rd and Walker",4,0,0,0,0,N/A
587735,"June 24, 2016",Connecticut,Hartford,"Brook and Winter Street",5,0,0,0,0,N/A
587769,"June 24, 2016",Maryland,"District Heights","3100 block of Orleans Ave",2,3,0,0,1,N/A
586122,"June 22, 2016",Georgia,"Stone Mountain","Lancashire Cir and Central Dr",3,1,0,0,0,N/A
585821,"June 22, 2016",Washington,Olympia,"500 block of Dutterow Road SE",1,3,0,0,2,N/A
586058,"June 22, 2016",Illinois,Chicago,"3100 block of West Warren",4,0,0,0,0,N/A
586044,"June 21, 2016","New Jersey",Willingboro,"Mosshill Lane",4,0,0,0,0,N/A
585615,"June 21, 2016",Kentucky,Louisville,"2802 Rodman Street",2,2,0,0,1,N/A
583631,"June 19, 2016",Virginia,Roanoke,"2328 Melrose Avenue",4,0,0,0,0,N/A
583537,"June 18, 2016",Georgia,Waycross,"2625 Arnold Ct",2,2,0,0,0,N/A
583584,"June 18, 2016",Virginia,Exmore,"Frederick Douglass Rd",3,1,0,0,1,N/A
583362,"June 18, 2016",Illinois,Chicago,"East 79th Street and South Escanaba Avenue",4,0,0,0,0,N/A
580791,"June 14, 2016",California,Oakland,"1301 Franklin St",3,1,0,0,0,N/A
580848,"June 14, 2016",Delaware,Wilmington,"South Van Buren and Elm streets",4,0,0,0,0,N/A
579517,"June 13, 2016",California,Fresno,"East El Monte Way and Recreation Avenue",4,0,0,0,0,N/A
579786,"June 13, 2016","New York",Brooklyn,"Avenue D and E. 57th",5,0,0,0,1,N/A
580279,"June 13, 2016",Illinois,Chicago,"3200 block of West Congress",5,0,0,0,0,N/A
577157,"June 12, 2016",Florida,Orlando,"1912 S Orange Ave",53,49,0,1,0,N/A
578238,"June 11, 2016",Minnesota,Webster,"4000 block of Elmore Avenue",4,0,0,0,0,N/A
576774,"June 11, 2016","North Carolina",Charlotte,"4000 block of Collegiate Avenue",3,1,0,0,0,N/A
577938,"June 11, 2016",California,Stockton,"Alvarado Avenue",3,1,0,0,0,N/A
577574,"June 11, 2016","New Mexico",Roswell,"2300 block of Davis Ave",0,5,0,0,1,N/A
577073,"June 11, 2016",California,"Panorama City","8500 block of Cedros Avenue",2,2,0,1,0,N/A
575607,"June 9, 2016",Florida,"Fort Walton Beach","Landview Drive",4,0,0,0,3,N/A
574850,"June 8, 2016","District of Columbia",Washington,"1300 North Capitol St NW",4,0,0,0,2,N/A
574753,"June 8, 2016",Massachusetts,Boston,"66 Washington St",3,1,0,0,3,N/A
573327,"June 6, 2016",California,Visalia,"3360 S Fairway St",4,0,0,0,0,N/A
572766,"June 5, 2016",Arizona,Phoenix,"8152 N Black Canyon Hwy",3,2,1,0,0,N/A
575061,"June 5, 2016",Minnesota,Minneapolis,"8th and Humboldt Avenue N.",4,0,0,0,0,N/A
572696,"June 5, 2016",Florida,"Cape Coral","2600 block of Skyline Boulevard S",3,2,0,1,0,N/A
572513,"June 5, 2016","New York",Brooklyn,"Mermaid Ave and 16th St.",4,0,0,0,0,N/A
571859,"June 4, 2016",Colorado,Denver,"3600 block of Hudson Street",1,3,0,0,3,N/A
569225,"May 31, 2016",Illinois,Chicago,"3300 block of West Huron Street",4,0,0,0,0,N/A
569189,"May 31, 2016",Indiana,"Fort Wayne","6600 block of Pawawna Drive",4,0,0,0,0,N/A
568528,"May 30, 2016",Maryland,Baltimore,"500 block of East 43rd Street",5,0,0,0,0,N/A
568745,"May 30, 2016",California,Sacramento,"3900 block of 44th",5,0,0,0,0,N/A
567788,"May 29, 2016",Nevada,"Las Vegas","200 block of N 3rd St",4,0,0,0,2,N/A
567673,"May 29, 2016","New Jersey",Trenton,"600 block of Martin Luther King Jr. Boulevard",6,0,0,0,0,N/A
567494,"May 29, 2016",Indiana,Indianapolis,"300 block of South Meridian Street",4,0,0,0,0,N/A
567614,"May 29, 2016",Texas,Houston,"13210 Memorial Dr",6,1,0,1,0,N/A
564470,"May 23, 2016","New Jersey",Newark,"102 Isabella Avenue",5,0,0,0,0,N/A
563829,"May 22, 2016",Louisiana,"New Orleans","8639 Apple St",4,0,0,0,0,N/A
563514,"May 22, 2016",California,Stockton,"Poplar and Sutter Streets",3,1,0,0,0,N/A
563751,"May 22, 2016",Tennessee,Nashville,"100 block of Rains Avenue",4,0,0,0,0,N/A
563630,"May 21, 2016",Georgia,Jackson,"Levi Barnes Road",3,1,0,0,0,N/A
561912,"May 18, 2016",Indiana,Indianapolis,"34th Street and North Keystone Avenue",4,0,0,0,0,N/A
560782,"May 17, 2016","South Carolina",Ravenel,"5360 Savannah Highway",1,3,0,0,1,N/A
565244,"May 15, 2016",Georgia,Moultrie,"Rossman Dairy Road",0,5,0,0,1,N/A
559194,"May 15, 2016",Indiana,Evansville,"420 North Garvin Street",4,0,0,0,0,N/A
559042,"May 14, 2016",Georgia,Atlanta,"Cordova and Peoples Street",5,0,0,0,0,N/A
558796,"May 14, 2016","West Virginia",Charleston,"2337 Washington St W",3,1,0,0,3,N/A
557589,"May 11, 2016",Alabama,Birmingham,"1400 block of 21st St N",4,1,0,0,1,N/A
557479,"May 11, 2016",Illinois,Chicago,"7100 block of South State Street",5,0,0,0,0,N/A
555126,"May 8, 2016",Texas,Austin,"8600 block of North Lamar",3,1,0,0,1,N/A
555873,"May 6, 2016",Michigan,Detroit,"12300 block of Gratiot",4,1,0,0,0,N/A
555886,"May 6, 2016",Alabama,Montgomery,"1300 block of Clay Street",3,1,0,0,0,N/A
554133,"May 6, 2016",Maryland,Bethesda,"7101 Democracy Blvd",3,3,0,0,1,N/A
553803,"May 5, 2016",Louisiana,Shreveport,"300 block of North Thomas Drive",6,2,0,0,0,N/A
554027,"May 5, 2016",Florida,Miami,"2108 NW 19th Terrace",3,1,0,0,0,N/A
553570,"May 4, 2016",Minnesota,Minneapolis,"16th Avenue North and Newton Avenue North",7,1,0,0,0,N/A
551053,"May 1, 2016",Tennessee,Murfreesboro,"1955 Old Castle Drive",5,0,0,0,0,N/A
550619,"April 29, 2016",California,Oakland,"3200 block of San Pablo Avenue",5,0,0,0,0,N/A
550445,"April 29, 2016",Missouri,"Saint Louis (Ferguson)","400 block of N Dade Ave",4,0,0,0,0,N/A
549507,"April 27, 2016",Louisiana,"Baton Rouge","4300  Block of Kerrit Dr",2,2,0,0,0,N/A
549071,"April 27, 2016",Mississippi,Kilmichael,"Pecan Drive",1,3,0,0,1,N/A
548333,"April 26, 2016",Maryland,"District Heights (Forestville)","6500 block of Hil-Mar Drive",4,1,0,0,0,N/A
547639,"April 25, 2016",Tennessee,Nashville,"400 Charlotte Avenue",4,0,0,0,1,N/A
547827,"April 25, 2016",Florida,Miami,"1506 Northwest 70th Street",5,0,0,0,0,N/A
546760,"April 24, 2016",Virginia,Halifax,"1055 L P Bailey Memorial Hwy",4,0,1,0,1,N/A
547319,"April 24, 2016",Illinois,"Chicago (Englewood)","2000 block of West 68th Place",3,2,0,0,0,N/A
546818,"April 24, 2016",Colorado,Denver,"1400 block of 14th Street",4,0,0,0,1,N/A
546581,"April 23, 2016",Nevada,"Las Vegas","1650 South Hollywood Boulevard",3,1,0,0,1,N/A
546244,"April 23, 2016",Alabama,Auburn,"1200 block of Lee Road 83",1,3,0,0,1,N/A
546258,"April 23, 2016","New York","New York (Manhattan)","West 141st Street and Edgecombe Avenue",4,0,0,0,0,N/A
546550,"April 23, 2016",Kansas,Topeka,"3732 SW Topeka Blvd",4,0,0,1,0,N/A
546022,"April 22, 2016",Georgia,Appling,"3162 Johnson Drive",0,5,0,1,0,N/A
545525,"April 22, 2016",Ohio,Piketon,"4077 Union Hill Rd",0,8,0,0,4,N/A
545501,"April 21, 2016",Maryland,Baltimore,"4800 block of Frankford Avenue",4,0,0,0,1,N/A
543441,"April 19, 2016",Alabama,Blountsville,"81551 US Highway 278",4,0,0,1,0,N/A
544080,"April 19, 2016",Illinois,Chicago,"2700 block of West 53rd Street",3,1,0,0,0,N/A
543132,"April 19, 2016",Illinois,Chicago,"1400 block of West 84th Street",4,1,0,0,0,N/A
543244,"April 18, 2016",California,"Long Beach","1200 block of E. 17th Street",3,1,0,0,0,N/A
541996,"April 17, 2016",Pennsylvania,Philadelphia,"600 block of Westmoreland Street",1,3,0,0,1,N/A
543102,"April 17, 2016","South Carolina",Pelzer,"200 block of Eastview Road",3,1,0,0,0,N/A
543108,"April 17, 2016",Texas,Edinburg,"5021 W St Hwy 107",6,1,0,0,1,N/A
542259,"April 16, 2016",Michigan,Detroit,"9500 block of Oakland",4,1,0,0,1,N/A
541987,"April 16, 2016",Florida,Orlando,"1100 block of Conley Street",4,2,0,0,2,N/A
542362,"April 16, 2016",Alabama,Enterprise,"Baxter Street",4,0,0,0,0,N/A
537825,"April 10, 2016",Wisconsin,Milwaukee,"76th and Sheridan",3,1,0,0,0,N/A
537820,"April 10, 2016",California,"Los Angeles","84th Street and Towne Avenue",4,0,0,0,0,N/A
537311,"April 9, 2016",Tennessee,Memphis,"Mt Moriah Road and Ridgeway Road",4,0,0,0,0,N/A
539705,"April 9, 2016",Alabama,Anniston,"West 15th Street and Crawford Avenue",4,0,0,0,0,N/A
537085,"April 9, 2016","New Mexico",Albuquerque,"2600 block of Mesa Drive SE",4,0,0,0,1,N/A
535927,"April 7, 2016",Illinois,Chicago,"2200 block of East 70th Place",4,0,0,0,0,N/A
532604,"March 31, 2016",Illinois,"Chicago (Englewood)","6800 block of South Throop",4,0,0,0,0,N/A
530049,"March 27, 2016",Louisiana,Shreveport,"Hearne Ave and Hollywood Ave",4,0,0,0,0,N/A
528614,"March 25, 2016",Illinois,Chicago,"4500 block of West West End Avenue",4,0,0,0,0,N/A
529488,"March 25, 2016",Colorado,Denver,"8501 E. Alameda Avenue",4,0,0,0,0,N/A
526380,"March 21, 2016",Illinois,Chicago,"5700 block of West Washington Boulevard",4,0,0,0,0,N/A
525464,"March 19, 2016",Florida,Plantation,"12050 NW 4th Court",4,1,0,0,0,N/A
525301,"March 19, 2016",Alabama,Wetumpka,"South Shelby Street",2,2,0,0,1,N/A
523044,"March 15, 2016",Georgia,Atlanta,"Donald Lee Hollowell Drive",5,0,0,0,0,N/A
522122,"March 13, 2016",Florida,"Fort Myers","50 South Road",4,0,0,0,0,N/A
521821,"March 12, 2016",Oregon,Portland,"16126 S.E. Stark St.",4,0,0,0,1,N/A
521074,"March 12, 2016",California,Oakland,"I-880 and I-80",4,0,0,0,0,N/A
520767,"March 11, 2016",Michigan,Detroit,"2600 block of Hazelwood",2,2,0,0,0,N/A
520290,"March 11, 2016","New Jersey",Trenton,"Oliver Avenue",5,0,0,0,0,N/A
519541,"March 9, 2016",Pennsylvania,"Pittsburgh (Wilkinsburg)","1304 Franklin Ave",2,6,0,0,0,N/A
518266,"March 8, 2016",Texas,"San Antonio","Sherman St",3,2,0,0,0,N/A
517895,"March 7, 2016",Louisiana,Lafayette,"800 block of Martin Luther King Jr. Drive",4,0,0,0,0,N/A
518436,"March 7, 2016",Kansas,"Kansas City","3000 block of South 36th Street",0,5,0,0,1,N/A
517058,"March 6, 2016",Massachusetts,Chelsea,"120 Washington Avenue",6,1,0,0,1,N/A
517114,"March 6, 2016",Georgia,Roswell,"890 Atlanta St",4,0,0,0,1,N/A
517073,"March 6, 2016",California,Compton,"900 block of West Victoria Street",8,1,0,0,0,N/A
516758,"March 5, 2016",Kansas,Wichita,"116 North Mead",4,0,0,0,0,N/A
516341,"March 4, 2016",Ohio,Columbus,"900 E 5th Ave",3,1,0,0,1,N/A
513640,"February 28, 2016",California,"Mira Loma","5500 block of Etiwanda Ave",3,1,0,0,1,N/A
513549,"February 28, 2016",Michigan,Detroit,"8800 block of Livernois",5,0,0,0,0,N/A
512880,"February 27, 2016",Virginia,"Woodbridge (Lake Ridge)","13051 Lashmere Ct",2,2,0,0,1,N/A
512073,"February 26, 2016",Washington,Belfair,"300 block of Horseshoe Rd",0,4,0,1,0,N/A
511436,"February 25, 2016",Kansas,Hesston,"200 S Ridge Rd",14,3,0,1,0,N/A
509897,"February 23, 2016",Arizona,Glendale,"4812 West Sunnyside Ave",0,4,0,1,0,N/A
510769,"February 23, 2016",Florida,"Daytona Beach","1042 Sheridan Road",4,0,0,0,2,N/A
509707,"February 21, 2016",Texas,Houston,"5100 block of Idaho Street",5,0,0,0,0,N/A
508879,"February 21, 2016",Missouri,Hazelwood,"7217 N Lindbergh Blvd",3,1,0,0,3,N/A
508341,"February 20, 2016",Florida,Tampa,"2810 E. Bearss Ave",3,1,0,0,0,N/A
508640,"February 20, 2016",Michigan,Kalamazoo,"5581 Cracker Barrel Blvd",2,6,0,0,1,N/A
508356,"February 20, 2016",Alabama,Bessemer,"200 block of Elm Street",3,1,0,0,0,N/A
508510,"February 20, 2016",Florida,Orlando,"446 S Parramore Ave",4,0,0,0,1,N/A
508113,"February 20, 2016",Mississippi,Iuka,"231 Co Rd 201",3,1,0,1,0,N/A
590221,"February 19, 2016",Missouri,Edgerton,"4100 block of Buena Vista Road",0,4,0,0,1,N/A
507998,"February 19, 2016",California,Vallejo,"509 Porter Street",3,1,0,0,0,N/A
504879,"February 14, 2016",Texas,Houston,"8449 Gulf Freeway",3,0,0,1,0,N/A
505420,"February 14, 2016",Alabama,Eutaw,"50 Earnest Friday Rd",5,0,0,0,2,N/A
504996,"February 13, 2016",Louisiana,Marrero,"5425 Lapalco Boulevard",4,0,0,0,1,N/A
501256,"February 7, 2016",Mississippi,"Pass Christian","Davis Avenue",4,2,0,0,5,N/A
501233,"February 7, 2016",Florida,Orlando,"7432 Universal Blvd",10,2,0,0,4,N/A
501168,"February 7, 2016","New York",Rochester,"547 State St",7,1,0,0,4,N/A
501349,"February 7, 2016",Illinois,"Chicago (Englewood)","6500 block of South Green Street",4,0,0,0,0,N/A
501267,"February 6, 2016",California,"Los Angeles","12800 block of Cook Street",3,1,0,0,0,N/A
500629,"February 6, 2016",Florida,Apopka,"10th Street",4,0,0,0,0,N/A
500556,"February 6, 2016",Florida,Tampa,"8123 N Nebraska Ave",6,2,0,0,0,N/A
499422,"February 3, 2016","District of Columbia",Washington,"1500 block of Butler St SE",4,0,0,0,0,N/A
495940,"January 30, 2016",Arizona,Glendale,"67th and Missouri Avenue",5,3,0,0,0,N/A
494378,"January 27, 2016",Virginia,Chesapeake,"1401 N. George Washington Hwy",0,5,0,1,0,N/A
493536,"January 26, 2016",Washington,Seattle,"Airport Way S. and S. Atlantic St.",3,2,0,0,1,N/A
493085,"January 25, 2016",California,Perris,"140 S. D Street",4,1,0,0,1,N/A
491312,"January 23, 2016",California,"Los Angeles","8105 Avalon Blvd",2,2,0,0,0,N/A
486728,"January 17, 2016",Virginia,Gloucester,"Ditchley Dr and Gill Ln",3,1,0,0,1,N/A
483750,"January 11, 2016",Delaware,Wilmington,"900 block of Brown Street",4,1,0,0,0,N/A
481849,"January 8, 2016","District of Columbia",Washington,"1700 E Capitol St NE",4,0,0,0,0,N/A
481900,"January 8, 2016",Illinois,Chicago,"1500 block of South Kedzie",4,1,0,0,0,N/A
481429,"January 7, 2016",Tennessee,Memphis,"3800 block of Kerwood Avenue",3,1,0,0,1,N/A
479613,"January 6, 2016",Florida,Lakeland,"2312 East Magnolia Street",1,3,0,0,4,N/A